"Job.ID","Location.ID","Job.Type","When.the.Task.Can.Be.Performed..Earliest.Start.Time","When.the.Task.Can.Be.Performed..Latest.Start.Time","Task.Duration..minutes.","List.of.Equipment.or.the.name.of.the..Equipment.Category..Required.to.Perform.the.Task","Priority.of.the.Task"
"M1",241,"Maintenance",NA,NA,37,NA,NA
"M2",241,"Maintenance",NA,NA,242,NA,NA
"M3",239,"Maintenance",NA,NA,72,NA,NA
"M4",243,"Maintenance",NA,NA,63,NA,NA
"M5",245,"Maintenance",NA,NA,205,NA,NA
"M6",245,"Maintenance",NA,NA,253,NA,NA
"M7",239,"Maintenance",NA,NA,47,NA,NA
"M8",239,"Maintenance",NA,NA,200,NA,NA
"M9",164,"Maintenance",NA,NA,43,NA,NA
"M10",164,"Maintenance",NA,NA,155,NA,NA
"M11",171,"Maintenance",NA,NA,85,NA,NA
"M12",171,"Maintenance",NA,NA,13,NA,NA
"M13",200,"Maintenance",NA,NA,9,NA,NA
"M14",165,"Maintenance",NA,NA,253,NA,NA
"M15",165,"Maintenance",NA,NA,9,NA,NA
"M16",221,"Maintenance",NA,NA,283,NA,NA
"M17",204,"Maintenance",NA,NA,288,NA,NA
"M18",236,"Maintenance",NA,NA,363,NA,NA
"M19",236,"Maintenance",NA,NA,423,NA,NA
"M20",236,"Maintenance",NA,NA,38,NA,NA
"M21",238,"Maintenance",NA,NA,111,NA,NA
"M22",12,"Maintenance",NA,NA,16,NA,NA
"M23",17,"Maintenance",NA,NA,19,NA,NA
"M24",11,"Maintenance",NA,NA,70,NA,NA
"M25",10,"Maintenance",NA,NA,193,NA,NA
"M26",15,"Maintenance",NA,NA,135,NA,NA
"M27",15,"Maintenance",NA,NA,76,NA,NA
"M28",151,"Maintenance",NA,NA,59,NA,NA
"M29",151,"Maintenance",NA,NA,24,NA,NA
"M30",156,"Maintenance",NA,NA,85,NA,NA
"M31",156,"Maintenance",NA,NA,182,NA,NA
"M32",248,"Maintenance",NA,NA,26,NA,NA
"M33",19,"Maintenance",NA,NA,92,NA,NA
"M34",20,"Maintenance",NA,NA,131,NA,NA
"M35",21,"Maintenance",NA,NA,251,NA,NA
"M36",22,"Maintenance",NA,NA,2,NA,NA
"M37",24,"Maintenance",NA,NA,141,NA,NA
"M38",25,"Maintenance",NA,NA,182,NA,NA
"M39",25,"Maintenance",NA,NA,56,NA,NA
"M40",26,"Maintenance",NA,NA,128,NA,NA
"M41",27,"Maintenance",NA,NA,100,NA,NA
"M42",27,"Maintenance",NA,NA,50,NA,NA
"M43",27,"Maintenance",NA,NA,198,NA,NA
"M44",28,"Maintenance",NA,NA,198,NA,NA
"M45",29,"Maintenance",NA,NA,112,NA,NA
"M46",29,"Maintenance",NA,NA,47,NA,NA
"M47",14,"Maintenance",NA,NA,74,NA,NA
"M48",46,"Maintenance",NA,NA,268,NA,NA
"M49",46,"Maintenance",NA,NA,37,NA,NA
"M50",59,"Maintenance",NA,NA,5,NA,NA
"M51",60,"Maintenance",NA,NA,354,NA,NA
"M52",62,"Maintenance",NA,NA,63,NA,NA
"M53",65,"Maintenance",NA,NA,159,NA,NA
"M54",65,"Maintenance",NA,NA,138,NA,NA
"M55",66,"Maintenance",NA,NA,21,NA,NA
"M56",66,"Maintenance",NA,NA,60,NA,NA
"M57",67,"Maintenance",NA,NA,340,NA,NA
"M58",67,"Maintenance",NA,NA,120,NA,NA
"M59",68,"Maintenance",NA,NA,168,NA,NA
"M60",70,"Maintenance",NA,NA,62,NA,NA
"M61",71,"Maintenance",NA,NA,134,NA,NA
"M62",71,"Maintenance",NA,NA,55,NA,NA
"M63",72,"Maintenance",NA,NA,349,NA,NA
"M64",73,"Maintenance",NA,NA,111,NA,NA
"M65",74,"Maintenance",NA,NA,7,NA,NA
"M66",74,"Maintenance",NA,NA,171,NA,NA
"M67",75,"Maintenance",NA,NA,376,NA,NA
"M68",77,"Maintenance",NA,NA,27,NA,NA
"M69",77,"Maintenance",NA,NA,157,NA,NA
"M70",77,"Maintenance",NA,NA,62,NA,NA
"M71",77,"Maintenance",NA,NA,297,NA,NA
"M72",79,"Maintenance",NA,NA,14,NA,NA
"M73",79,"Maintenance",NA,NA,154,NA,NA
"M74",79,"Maintenance",NA,NA,20,NA,NA
"M75",80,"Maintenance",NA,NA,356,NA,NA
"M76",86,"Maintenance",NA,NA,16,NA,NA
"M77",86,"Maintenance",NA,NA,82,NA,NA
"M78",87,"Maintenance",NA,NA,21,NA,NA
"M79",88,"Maintenance",NA,NA,83,NA,NA
"M80",88,"Maintenance",NA,NA,87,NA,NA
"M81",89,"Maintenance",NA,NA,107,NA,NA
"M82",89,"Maintenance",NA,NA,320,NA,NA
"M83",90,"Maintenance",NA,NA,13,NA,NA
"M84",90,"Maintenance",NA,NA,10,NA,NA
"M85",91,"Maintenance",NA,NA,357,NA,NA
"M86",92,"Maintenance",NA,NA,202,NA,NA
"M87",92,"Maintenance",NA,NA,216,NA,NA
"M88",94,"Maintenance",NA,NA,17,NA,NA
"M89",94,"Maintenance",NA,NA,111,NA,NA
"M90",49,"Maintenance",NA,NA,255,NA,NA
"M91",95,"Maintenance",NA,NA,171,NA,NA
"M92",95,"Maintenance",NA,NA,36,NA,NA
"M93",97,"Maintenance",NA,NA,92,NA,NA
"M94",97,"Maintenance",NA,NA,210,NA,NA
"M95",98,"Maintenance",NA,NA,16,NA,NA
"M96",98,"Maintenance",NA,NA,284,NA,NA
"M97",98,"Maintenance",NA,NA,304,NA,NA
"M98",98,"Maintenance",NA,NA,46,NA,NA
"M99",7,"Maintenance",NA,NA,254,NA,NA
"M100",7,"Maintenance",NA,NA,143,NA,NA
"M101",7,"Maintenance",NA,NA,20,NA,NA
"M102",7,"Maintenance",NA,NA,12,NA,NA
"M103",1,"Maintenance",NA,NA,44,NA,NA
"M104",3,"Maintenance",NA,NA,153,NA,NA
"M105",122,"Maintenance",NA,NA,121,NA,NA
"M106",5,"Maintenance",NA,NA,280,NA,NA
"M107",84,"Maintenance",NA,NA,110,NA,NA
"M108",84,"Maintenance",NA,NA,253,NA,NA
"M109",84,"Maintenance",NA,NA,118,NA,NA
"M110",84,"Maintenance",NA,NA,78,NA,NA
"M111",100,"Maintenance",NA,NA,11,NA,NA
"M112",103,"Maintenance",NA,NA,9,NA,NA
"M113",103,"Maintenance",NA,NA,111,NA,NA
"M114",104,"Maintenance",NA,NA,53,NA,NA
"M115",105,"Maintenance",NA,NA,228,NA,NA
"M116",105,"Maintenance",NA,NA,76,NA,NA
"M117",106,"Maintenance",NA,NA,138,NA,NA
"M118",106,"Maintenance",NA,NA,47,NA,NA
"M119",108,"Maintenance",NA,NA,36,NA,NA
"M120",108,"Maintenance",NA,NA,103,NA,NA
"M121",109,"Maintenance",NA,NA,241,NA,NA
"M122",109,"Maintenance",NA,NA,169,NA,NA
"M123",110,"Maintenance",NA,NA,1,NA,NA
"M124",39,"Maintenance",NA,NA,187,NA,NA
"M125",39,"Maintenance",NA,NA,461,NA,NA
"M126",38,"Maintenance",NA,NA,179,NA,NA
"M127",38,"Maintenance",NA,NA,244,NA,NA
"M128",37,"Maintenance",NA,NA,222,NA,NA
"M129",37,"Maintenance",NA,NA,223,NA,NA
"M130",42,"Maintenance",NA,NA,148,NA,NA
"M131",30,"Maintenance",NA,NA,15,NA,NA
"M132",30,"Maintenance",NA,NA,96,NA,NA
"M133",40,"Maintenance",NA,NA,125,NA,NA
"M134",32,"Maintenance",NA,NA,24,NA,NA
"M135",33,"Maintenance",NA,NA,11,NA,NA
"M136",33,"Maintenance",NA,NA,35,NA,NA
"M137",35,"Maintenance",NA,NA,312,NA,NA
"M138",217,"Maintenance",NA,NA,163,NA,NA
"M139",217,"Maintenance",NA,NA,74,NA,NA
"M140",54,"Maintenance",NA,NA,37,NA,NA
"M141",54,"Maintenance",NA,NA,260,NA,NA
"M142",50,"Maintenance",NA,NA,8,NA,NA
"M143",50,"Maintenance",NA,NA,12,NA,NA
"M144",51,"Maintenance",NA,NA,106,NA,NA
"M145",51,"Maintenance",NA,NA,48,NA,NA
"M146",52,"Maintenance",NA,NA,276,NA,NA
"M147",53,"Maintenance",NA,NA,291,NA,NA
"M148",45,"Maintenance",NA,NA,137,NA,NA
"M149",45,"Maintenance",NA,NA,211,NA,NA
"M150",45,"Maintenance",NA,NA,15,NA,NA
"M151",45,"Maintenance",NA,NA,266,NA,NA
"M152",45,"Maintenance",NA,NA,147,NA,NA
"M153",45,"Maintenance",NA,NA,29,NA,NA
"M154",45,"Maintenance",NA,NA,54,NA,NA
"M155",45,"Maintenance",NA,NA,108,NA,NA
"M156",45,"Maintenance",NA,NA,437,NA,NA
"M157",45,"Maintenance",NA,NA,187,NA,NA
"M158",45,"Maintenance",NA,NA,219,NA,NA
"M159",45,"Maintenance",NA,NA,35,NA,NA
"M160",45,"Maintenance",NA,NA,66,NA,NA
"M161",45,"Maintenance",NA,NA,234,NA,NA
"M162",45,"Maintenance",NA,NA,38,NA,NA
"M163",45,"Maintenance",NA,NA,59,NA,NA
"M164",45,"Maintenance",NA,NA,2,NA,NA
"M165",45,"Maintenance",NA,NA,4,NA,NA
"M166",45,"Maintenance",NA,NA,41,NA,NA
"M167",45,"Maintenance",NA,NA,55,NA,NA
"M168",45,"Maintenance",NA,NA,50,NA,NA
"M169",47,"Maintenance",NA,NA,433,NA,NA
"M170",48,"Maintenance",NA,NA,244,NA,NA
"M171",114,"Maintenance",NA,NA,61,NA,NA
"M172",114,"Maintenance",NA,NA,80,NA,NA
"M173",115,"Maintenance",NA,NA,19,NA,NA
"M174",116,"Maintenance",NA,NA,153,NA,NA
"M175",116,"Maintenance",NA,NA,372,NA,NA
"M176",116,"Maintenance",NA,NA,3,NA,NA
"M177",118,"Maintenance",NA,NA,158,NA,NA
"M178",117,"Maintenance",NA,NA,65,NA,NA
"M179",119,"Maintenance",NA,NA,51,NA,NA
"M180",119,"Maintenance",NA,NA,172,NA,NA
"M181",113,"Maintenance",NA,NA,175,NA,NA
"M182",177,"Maintenance",NA,NA,50,NA,NA
"M183",177,"Maintenance",NA,NA,261,NA,NA
"M184",177,"Maintenance",NA,NA,172,NA,NA
"M185",137,"Maintenance",NA,NA,147,NA,NA
"M186",137,"Maintenance",NA,NA,90,NA,NA
"M187",55,"Maintenance",NA,NA,4,NA,NA
"M188",120,"Maintenance",NA,NA,101,NA,NA
"M189",120,"Maintenance",NA,NA,406,NA,NA
"M190",101,"Maintenance",NA,NA,6,NA,NA
"M191",101,"Maintenance",NA,NA,25,NA,NA
"M192",125,"Maintenance",NA,NA,1,NA,NA
"M193",125,"Maintenance",NA,NA,84,NA,NA
"M194",125,"Maintenance",NA,NA,46,NA,NA
"M195",57,"Maintenance",NA,NA,146,NA,NA
"M196",57,"Maintenance",NA,NA,69,NA,NA
"M197",57,"Maintenance",NA,NA,19,NA,NA
"M198",57,"Maintenance",NA,NA,47,NA,NA
"M199",136,"Maintenance",NA,NA,359,NA,NA
"M200",136,"Maintenance",NA,NA,241,NA,NA
"M201",8,"Maintenance",NA,NA,251,NA,NA
"M202",8,"Maintenance",NA,NA,9,NA,NA
"M203",127,"Maintenance",NA,NA,106,NA,NA
"M204",127,"Maintenance",NA,NA,148,NA,NA
"M205",127,"Maintenance",NA,NA,80,NA,NA
"M206",127,"Maintenance",NA,NA,39,NA,NA
"M207",124,"Maintenance",NA,NA,42,NA,NA
"M208",128,"Maintenance",NA,NA,58,NA,NA
"M209",129,"Maintenance",NA,NA,253,NA,NA
"M210",130,"Maintenance",NA,NA,33,NA,NA
"M211",112,"Maintenance",NA,NA,5,NA,NA
"M212",123,"Maintenance",NA,NA,161,NA,NA
"M213",123,"Maintenance",NA,NA,85,NA,NA
"M214",132,"Maintenance",NA,NA,10,NA,NA
"M215",6,"Maintenance",NA,NA,14,NA,NA
"M216",135,"Maintenance",NA,NA,418,NA,NA
"M217",134,"Maintenance",NA,NA,187,NA,NA
"M218",141,"Maintenance",NA,NA,168,NA,NA
"M219",140,"Maintenance",NA,NA,9,NA,NA
"M220",140,"Maintenance",NA,NA,22,NA,NA
"M221",13,"Maintenance",NA,NA,113,NA,NA
"M222",142,"Maintenance",NA,NA,293,NA,NA
"M223",142,"Maintenance",NA,NA,45,NA,NA
"M224",145,"Maintenance",NA,NA,93,NA,NA
"M225",152,"Maintenance",NA,NA,242,NA,NA
"M226",78,"Maintenance",NA,NA,157,NA,NA
"M227",147,"Maintenance",NA,NA,52,NA,NA
"M228",147,"Maintenance",NA,NA,108,NA,NA
"M229",158,"Maintenance",NA,NA,100,NA,NA
"M230",99,"Maintenance",NA,NA,58,NA,NA
"M231",99,"Maintenance",NA,NA,118,NA,NA
"M232",150,"Maintenance",NA,NA,170,NA,NA
"M233",150,"Maintenance",NA,NA,103,NA,NA
"M234",160,"Maintenance",NA,NA,330,NA,NA
"M235",155,"Maintenance",NA,NA,329,NA,NA
"M236",76,"Maintenance",NA,NA,101,NA,NA
"M237",76,"Maintenance",NA,NA,98,NA,NA
"M238",76,"Maintenance",NA,NA,12,NA,NA
"M239",76,"Maintenance",NA,NA,9,NA,NA
"M240",76,"Maintenance",NA,NA,75,NA,NA
"M241",76,"Maintenance",NA,NA,2,NA,NA
"M242",76,"Maintenance",NA,NA,294,NA,NA
"M243",43,"Maintenance",NA,NA,61,NA,NA
"M244",43,"Maintenance",NA,NA,310,NA,NA
"M245",43,"Maintenance",NA,NA,90,NA,NA
"M246",81,"Maintenance",NA,NA,215,NA,NA
"M247",167,"Maintenance",NA,NA,14,NA,NA
"M248",173,"Maintenance",NA,NA,147,NA,NA
"M249",173,"Maintenance",NA,NA,121,NA,NA
"M250",173,"Maintenance",NA,NA,415,NA,NA
"M251",159,"Maintenance",NA,NA,87,NA,NA
"M252",159,"Maintenance",NA,NA,22,NA,NA
"M253",159,"Maintenance",NA,NA,140,NA,NA
"M254",163,"Maintenance",NA,NA,136,NA,NA
"M255",168,"Maintenance",NA,NA,458,NA,NA
"M256",187,"Maintenance",NA,NA,13,NA,NA
"M257",169,"Maintenance",NA,NA,63,NA,NA
"M258",199,"Maintenance",NA,NA,6,NA,NA
"M259",85,"Maintenance",NA,NA,360,NA,NA
"M260",126,"Maintenance",NA,NA,55,NA,NA
"M261",126,"Maintenance",NA,NA,251,NA,NA
"M262",149,"Maintenance",NA,NA,8,NA,NA
"M263",146,"Maintenance",NA,NA,184,NA,NA
"M264",178,"Maintenance",NA,NA,111,NA,NA
"M265",175,"Maintenance",NA,NA,4,NA,NA
"M266",175,"Maintenance",NA,NA,385,NA,NA
"M267",166,"Maintenance",NA,NA,119,NA,NA
"M268",166,"Maintenance",NA,NA,0,NA,NA
"M269",166,"Maintenance",NA,NA,43,NA,NA
"M270",186,"Maintenance",NA,NA,59,NA,NA
"M271",190,"Maintenance",NA,NA,71,NA,NA
"M272",181,"Maintenance",NA,NA,42,NA,NA
"M273",182,"Maintenance",NA,NA,68,NA,NA
"M274",182,"Maintenance",NA,NA,290,NA,NA
"M275",4,"Maintenance",NA,NA,157,NA,NA
"M276",189,"Maintenance",NA,NA,257,NA,NA
"M277",194,"Maintenance",NA,NA,32,NA,NA
"M278",194,"Maintenance",NA,NA,375,NA,NA
"M279",193,"Maintenance",NA,NA,243,NA,NA
"M280",193,"Maintenance",NA,NA,73,NA,NA
"M281",192,"Maintenance",NA,NA,102,NA,NA
"M282",192,"Maintenance",NA,NA,27,NA,NA
"M283",224,"Maintenance",NA,NA,129,NA,NA
"M284",224,"Maintenance",NA,NA,9,NA,NA
"M285",201,"Maintenance",NA,NA,9,NA,NA
"M286",208,"Maintenance",NA,NA,184,NA,NA
"M287",185,"Maintenance",NA,NA,256,NA,NA
"M288",195,"Maintenance",NA,NA,9,NA,NA
"M289",180,"Maintenance",NA,NA,346,NA,NA
"M290",180,"Maintenance",NA,NA,78,NA,NA
"M291",188,"Maintenance",NA,NA,105,NA,NA
"M292",197,"Maintenance",NA,NA,35,NA,NA
"M293",2,"Maintenance",NA,NA,238,NA,NA
"M294",154,"Maintenance",NA,NA,14,NA,NA
"M295",154,"Maintenance",NA,NA,73,NA,NA
"M296",198,"Maintenance",NA,NA,36,NA,NA
"M297",203,"Maintenance",NA,NA,17,NA,NA
"M298",203,"Maintenance",NA,NA,45,NA,NA
"M299",203,"Maintenance",NA,NA,120,NA,NA
"M300",207,"Maintenance",NA,NA,8,NA,NA
"M301",18,"Maintenance",NA,NA,94,NA,NA
"M302",18,"Maintenance",NA,NA,6,NA,NA
"M303",205,"Maintenance",NA,NA,4,NA,NA
"M304",202,"Maintenance",NA,NA,85,NA,NA
"M305",202,"Maintenance",NA,NA,210,NA,NA
"M306",212,"Maintenance",NA,NA,390,NA,NA
"M307",209,"Maintenance",NA,NA,60,NA,NA
"M308",211,"Maintenance",NA,NA,43,NA,NA
"M309",216,"Maintenance",NA,NA,4,NA,NA
"M310",214,"Maintenance",NA,NA,155,NA,NA
"M311",214,"Maintenance",NA,NA,174,NA,NA
"M312",230,"Maintenance",NA,NA,48,NA,NA
"M313",230,"Maintenance",NA,NA,147,NA,NA
"M314",218,"Maintenance",NA,NA,25,NA,NA
"M315",218,"Maintenance",NA,NA,52,NA,NA
"M316",227,"Maintenance",NA,NA,5,NA,NA
"M317",227,"Maintenance",NA,NA,91,NA,NA
"M318",225,"Maintenance",NA,NA,191,NA,NA
"M319",225,"Maintenance",NA,NA,134,NA,NA
"M320",213,"Maintenance",NA,NA,15,NA,NA
"M321",213,"Maintenance",NA,NA,188,NA,NA
"M322",237,"Maintenance",NA,NA,433,NA,NA
"M323",237,"Maintenance",NA,NA,197,NA,NA
"M324",215,"Maintenance",NA,NA,35,NA,NA
"M325",215,"Maintenance",NA,NA,88,NA,NA
"M326",231,"Maintenance",NA,NA,353,NA,NA
"M327",233,"Maintenance",NA,NA,104,NA,NA
"M328",244,"Maintenance",NA,NA,123,NA,NA
"M329",240,"Maintenance",NA,NA,250,NA,NA
"M330",229,"Maintenance",NA,NA,63,NA,NA
"M331",246,"Maintenance",NA,NA,21,NA,NA
"M332",247,"Maintenance",NA,NA,425,NA,NA
"M333",234,"Maintenance",NA,NA,171,NA,NA
"M334",234,"Maintenance",NA,NA,200,NA,NA
"M335",249,"Maintenance",NA,NA,58,NA,NA
"M336",249,"Maintenance",NA,NA,222,NA,NA
"M337",98,"Maintenance",NA,NA,178,NA,NA
"M338",98,"Maintenance",NA,NA,37,NA,NA
"M339",98,"Maintenance",NA,NA,85,NA,NA
"M340",98,"Maintenance",NA,NA,180,NA,NA
"M341",45,"Maintenance",NA,NA,14,NA,NA
"M342",45,"Maintenance",NA,NA,13,NA,NA
"M343",28,"Maintenance",NA,NA,80,NA,NA
"M344",28,"Maintenance",NA,NA,73,NA,NA
"M345",28,"Maintenance",NA,NA,110,NA,NA
"M346",28,"Maintenance",NA,NA,6,NA,NA
"M347",89,"Maintenance",NA,NA,95,NA,NA
"M348",89,"Maintenance",NA,NA,272,NA,NA
"M349",89,"Maintenance",NA,NA,42,NA,NA
"M350",89,"Maintenance",NA,NA,79,NA,NA
"M351",89,"Maintenance",NA,NA,43,NA,NA
"M352",89,"Maintenance",NA,NA,10,NA,NA
"M353",89,"Maintenance",NA,NA,199,NA,NA
"M354",64,"Maintenance",NA,NA,101,NA,NA
"M355",64,"Maintenance",NA,NA,16,NA,NA
"M356",64,"Maintenance",NA,NA,36,NA,NA
"M357",64,"Maintenance",NA,NA,412,NA,NA
"M358",173,"Maintenance",NA,NA,165,NA,NA
"M359",173,"Maintenance",NA,NA,9,NA,NA
"M360",173,"Maintenance",NA,NA,49,NA,NA
"M361",36,"Maintenance",NA,NA,83,NA,NA
"M362",177,"Maintenance",NA,NA,389,NA,NA
"M363",177,"Maintenance",NA,NA,97,NA,NA
"M364",27,"Maintenance",NA,NA,75,NA,NA
"M365",27,"Maintenance",NA,NA,226,NA,NA
"M366",27,"Maintenance",NA,NA,98,NA,NA
"M367",27,"Maintenance",NA,NA,88,NA,NA
"M368",27,"Maintenance",NA,NA,113,NA,NA
"M369",27,"Maintenance",NA,NA,244,NA,NA
"M370",27,"Maintenance",NA,NA,90,NA,NA
"M371",27,"Maintenance",NA,NA,77,NA,NA
"M372",27,"Maintenance",NA,NA,67,NA,NA
"M373",27,"Maintenance",NA,NA,6,NA,NA
"M374",27,"Maintenance",NA,NA,64,NA,NA
"M375",27,"Maintenance",NA,NA,287,NA,NA
"M376",177,"Maintenance",NA,NA,478,NA,NA
"M377",113,"Maintenance",NA,NA,76,NA,NA
"M378",113,"Maintenance",NA,NA,189,NA,NA
"M379",20,"Maintenance",NA,NA,230,NA,NA
"M380",20,"Maintenance",NA,NA,34,NA,NA
"M381",20,"Maintenance",NA,NA,11,NA,NA
"M382",20,"Maintenance",NA,NA,225,NA,NA
"M383",20,"Maintenance",NA,NA,103,NA,NA
"M384",20,"Maintenance",NA,NA,136,NA,NA
"M385",20,"Maintenance",NA,NA,49,NA,NA
"M386",20,"Maintenance",NA,NA,79,NA,NA
"M387",20,"Maintenance",NA,NA,103,NA,NA
"M388",20,"Maintenance",NA,NA,209,NA,NA
"M389",20,"Maintenance",NA,NA,17,NA,NA
"M390",20,"Maintenance",NA,NA,42,NA,NA
"M391",239,"Maintenance",NA,NA,207,NA,NA
"M392",239,"Maintenance",NA,NA,98,NA,NA
"M393",239,"Maintenance",NA,NA,80,NA,NA
"M394",239,"Maintenance",NA,NA,200,NA,NA
"M395",239,"Maintenance",NA,NA,75,NA,NA
"M396",239,"Maintenance",NA,NA,196,NA,NA
"M397",239,"Maintenance",NA,NA,230,NA,NA
"M398",239,"Maintenance",NA,NA,43,NA,NA
"M399",239,"Maintenance",NA,NA,68,NA,NA
"M400",239,"Maintenance",NA,NA,112,NA,NA
"M401",239,"Maintenance",NA,NA,259,NA,NA
"M402",79,"Maintenance",NA,NA,44,NA,NA
"M403",79,"Maintenance",NA,NA,109,NA,NA
"M404",79,"Maintenance",NA,NA,14,NA,NA
"M405",79,"Maintenance",NA,NA,318,NA,NA
"M406",98,"Maintenance",NA,NA,124,NA,NA
"M407",98,"Maintenance",NA,NA,50,NA,NA
"M408",84,"Maintenance",NA,NA,433,NA,NA
"M409",84,"Maintenance",NA,NA,80,NA,NA
"M410",84,"Maintenance",NA,NA,91,NA,NA
"M411",84,"Maintenance",NA,NA,59,NA,NA
"M412",210,"Maintenance",NA,NA,121,NA,NA
"M413",210,"Maintenance",NA,NA,247,NA,NA
"M414",210,"Maintenance",NA,NA,3,NA,NA
"M415",210,"Maintenance",NA,NA,159,NA,NA
"M416",210,"Maintenance",NA,NA,353,NA,NA
"M417",210,"Maintenance",NA,NA,51,NA,NA
"M418",210,"Maintenance",NA,NA,36,NA,NA
"M419",210,"Maintenance",NA,NA,34,NA,NA
"M420",210,"Maintenance",NA,NA,11,NA,NA
